{
    "HMMColor": [
        0.5,
        0.0,
        0.5
    ],
    "LMMColor": [
        0.20000000298023224,
        0.5,
        0.5
    ],
    "actinColor": [
        0.0,
        0.4000000059604645,
        0.0
    ],
    "actinLength": 1.0,
    "actinRadius": 0.002099999925121665,
    "checkActin": true,
    "checkActinMonomers": true,
    "checkHMM": true,
    "checkHalfHelix": false,
    "checkHighResActin": true,
    "checkHighResMyosin": true,
    "checkKonserveVolume": false,
    "checkLMM": true,
    "checkMyosin": true,
    "checkMyosinHeads": true,
    "checkMyosinTrunk": true,
    "checkTropomyosin": true,
    "checkTroponin": true,
    "d10": 0.1550000011920929,
    "myosinColor": [
        1.0,
        0.0,
        0.0
    ],
    "myosinHeadColor": [
        0.6000000238418579,
        0.20000000298023224,
        0.20000000298023224
    ],
    "myosinLength": 1.600000023841858,
    "myosinRadius": 0.006300000008195639,
    "numMyosinFilaments": 10,
    "sarcomereLength": 2.0,
    "sarcomereMidPoint": [
        0.0,
        0.0,
        0.0,
        1.0
    ],
    "sarcomereType": 2,
    "tropomyosinColor": [
        1.0,
        0.4000000059604645,
        0.0
    ],
    "troponinColor": [
        0.0,
        0.0,
        0.5
    ]
}