{
    "HMMColor": [
        0.5,
        0.0,
        0.5
    ],
    "LMMColor": [
        0.20000000298023224,
        0.5,
        0.5
    ],
    "actinColor": [
        0.0,
        0.4000000059604645,
        0.0
    ],
    "actinLength": 1.0,
    "actinRadius": 0.13899999856948853,
    "checkActin": true,
    "checkActinMonomers": true,
    "checkHMM": false,
    "checkHalfHelix": false,
    "checkHighResActin": true,
    "checkHighResMyosin": false,
    "checkKonserveVolume": false,
    "checkLMM": false,
    "checkMyosin": true,
    "checkMyosinHeads": false,
    "checkMyosinTrunk": true,
    "checkTropomyosin": true,
    "checkTroponin": true,
    "d10": 0.01899999938905239,
    "myosinColor": [
        1.0,
        0.0,
        0.0
    ],
    "myosinHeadColor": [
        0.6000000238418579,
        0.20000000298023224,
        0.20000000298023224
    ],
    "myosinLength": 2.009999990463257,
    "myosinRadius": 0.00570000009611249,
    "numMyosinFilaments": 500,
    "sarcomereLength": 2.0,
    "sarcomereMidPoint": [
        0.0,
        0.0,
        0.0,
        1.0
    ],
    "sarcomereType": 0,
    "tropomyosinColor": [
        1.0,
        0.4000000059604645,
        0.0
    ],
    "troponinColor": [
        0.0,
        0.0,
        0.5
    ]
}